{"training return": 119.0, "_timestamp": 1677080111.9526715, "_runtime": 152.06863045692444, "_step": 3665, "eval return": 55.0, "_wandb": {"runtime": 151}}