{"training return": 86.0, "_timestamp": 1680009073.564714, "_runtime": 26.599880933761597, "_step": 726, "eval return": 24.0}