{"training return": -362.0, "_timestamp": 1686180055.54544, "_runtime": 40.96913504600525, "_step": 499, "_wandb": {"runtime": 58}}