{"training return": 42.0, "_timestamp": 1677004914.9365153, "_runtime": 41.5461642742157, "_step": 1039, "_wandb": {"runtime": 40}}