{"training return": 159.0, "train episode length": 159, "_timestamp": 1688421898.5570784, "_runtime": 43.09935736656189, "_step": 797, "loss": 0.2435725052905439, "eval return": 10.0, "eval episode length": 10}