{"training return": -324.0, "_timestamp": 1686180200.4276488, "_runtime": 98.08043575286865, "_step": 202, "eval return": -371.0, "_wandb": {"runtime": 114}}