{"training return": 0.0, "_timestamp": 1677004439.1422863, "_runtime": 14.265015363693237, "_step": 1039, "_wandb": {"runtime": 12}}