{"training return": -187.0, "_timestamp": 1692879436.3660576, "_runtime": 186518.84723067284, "_step": 5710, "eval return": -163.0}