{"training return": 11.0, "train episode length": 11, "_timestamp": 1688253094.7080266, "_runtime": 3.3399996757507324, "_step": 24, "loss": 0.0028380984757942233, "_wandb": {"runtime": 2}}