{"training return": 998.9191102385521, "_timestamp": 1677610579.526611, "_runtime": 44.16923117637634, "_step": 50, "eval return": -500.0, "_wandb": {"runtime": 51}}