{"training return": 13.0, "_timestamp": 1677004753.8285487, "_runtime": 20.325411558151245, "_step": 1039, "_wandb": {"runtime": 19}}