{"training return": 19.0, "_timestamp": 1677604747.8155804, "_runtime": 11.672574281692505, "_step": 380, "eval return": 15.0, "_wandb": {"runtime": 10}}