{"training return": -290.0, "_timestamp": 1680009377.9806201, "_runtime": 280.6512062549591, "_step": 3207, "eval return": -149.0}