{"training return": 0.0, "_timestamp": 1677003623.7075298, "_runtime": 11.031578779220581, "_step": 1039, "_wandb": {"runtime": 10}}