{"training return": 55.0, "train episode length": 55, "_timestamp": 1688489523.1903524, "_runtime": 25.141361474990845, "_step": 499, "loss": 1.975227786640806, "_wandb": {"runtime": 26}}