{"training return": 38.0, "_timestamp": 1677079952.9925673, "_runtime": 21.842713356018066, "_step": 778, "eval return": 35.0}