{"training return": -500.0, "_timestamp": 1677605428.6527922, "_runtime": 76.59344911575317, "_step": 76, "eval return": -500.0, "_wandb": {"runtime": 100}}