{"training return": 53.0, "_timestamp": 1677008180.784817, "_runtime": 2828.5022110939026, "_step": 9436}