{"training return": 0.0, "_timestamp": 1677004494.5499904, "_runtime": 10.469772338867188, "_step": 1039, "_wandb": {"runtime": 9}}