{"training return": -369.0, "_timestamp": 1678809561.9338772, "_runtime": 845.4343752861023, "_step": 10019, "eval return": -148.0, "_wandb": {"runtime": 844}}