{"training return": 34.0, "_timestamp": 1683041581.954868, "_runtime": 51.302582025527954, "_step": 1630, "eval return": 78.0, "_wandb": {"runtime": 49}}