{"training return": -307.0, "_timestamp": 1687007616.7281613, "_runtime": 67.36192631721497, "_step": 151, "eval return": -254.0, "_wandb": {"runtime": 78}}