{"training return": -53.71180930745322, "_timestamp": 1677610930.225851, "_runtime": 173.05507111549377, "_step": 1299, "eval return": -329.0, "_wandb": {"runtime": 171}}