{"training return": 95.0, "train episode length": 95, "loss": 6.523940543928429, "_timestamp": 1694014260.1455495, "_runtime": 72.62872552871704, "_step": 1120}