{"training return": 95.0, "_timestamp": 1693929845.4040368, "_runtime": 403.35648369789124, "_step": 7590, "eval return": 100.0, "_wandb": {"runtime": 403}}