{"training return": 0.0, "_timestamp": 1677003818.571631, "_runtime": 17.71157693862915, "_step": 1039, "_wandb": {"runtime": 17}}