{"training return": -382.0, "_timestamp": 1677687840.65001, "_runtime": 76876.34761118889, "_step": 5832, "eval return": -185.0, "_wandb": {"runtime": 76875}}